pincode,city,district,source
110001,Delhi,Central Delhi,india_post_all_india_pincode_directory
110002,Delhi,Central Delhi,india_post_all_india_pincode_directory
110003,Delhi,Central Delhi,india_post_all_india_pincode_directory
110004,Delhi,Central Delhi,india_post_all_india_pincode_directory
110005,Delhi,Central Delhi,india_post_all_india_pincode_directory
110006,Delhi,North Delhi,india_post_all_india_pincode_directory
110007,Delhi,North Delhi,india_post_all_india_pincode_directory
110008,Delhi,Central Delhi,india_post_all_india_pincode_directory
110009,Delhi,North West Delhi,india_post_all_india_pincode_directory
110010,Delhi,South West Delhi,india_post_all_india_pincode_directory
110011,Delhi,Central Delhi,india_post_all_india_pincode_directory
110012,Delhi,Central Delhi,india_post_all_india_pincode_directory
110013,Delhi,South Delhi,india_post_all_india_pincode_directory
110014,Delhi,South Delhi,india_post_all_india_pincode_directory
110015,Delhi,West Delhi,india_post_all_india_pincode_directory
110016,Delhi,South West Delhi,india_post_all_india_pincode_directory
110017,Delhi,South Delhi,india_post_all_india_pincode_directory
110018,Delhi,West Delhi,india_post_all_india_pincode_directory
110019,Delhi,South Delhi,india_post_all_india_pincode_directory
110020,Delhi,South Delhi,india_post_all_india_pincode_directory
110021,Delhi,South West Delhi,india_post_all_india_pincode_directory
110022,Delhi,South West Delhi,india_post_all_india_pincode_directory
110023,Delhi,South West Delhi,india_post_all_india_pincode_directory
110024,Delhi,South Delhi,india_post_all_india_pincode_directory
110025,Delhi,South Delhi,india_post_all_india_pincode_directory
110026,Delhi,West Delhi,india_post_all_india_pincode_directory
110027,Delhi,West Delhi,india_post_all_india_pincode_directory
110028,Delhi,South West Delhi,india_post_all_india_pincode_directory
110029,Delhi,South West Delhi,india_post_all_india_pincode_directory
110030,Delhi,South West Delhi,india_post_all_india_pincode_directory
110031,Delhi,East Delhi,india_post_all_india_pincode_directory
110032,Delhi,North East Delhi,india_post_all_india_pincode_directory
110033,Delhi,North West Delhi,india_post_all_india_pincode_directory
110034,Delhi,North West Delhi,india_post_all_india_pincode_directory
110035,Delhi,North West Delhi,india_post_all_india_pincode_directory
110036,Delhi,North West Delhi,india_post_all_india_pincode_directory
110037,Delhi,South West Delhi,india_post_all_india_pincode_directory
110038,Delhi,South West Delhi,india_post_all_india_pincode_directory
110039,Delhi,North West Delhi,india_post_all_india_pincode_directory
110040,Delhi,North West Delhi,india_post_all_india_pincode_directory
110041,Delhi,West Delhi,india_post_all_india_pincode_directory
110042,Delhi,North West Delhi,india_post_all_india_pincode_directory
110043,Delhi,South West Delhi,india_post_all_india_pincode_directory
110044,Delhi,South Delhi,india_post_all_india_pincode_directory
110045,Delhi,South West Delhi,india_post_all_india_pincode_directory
110046,Delhi,South West Delhi,india_post_all_india_pincode_directory
110047,Delhi,South West Delhi,india_post_all_india_pincode_directory
110048,Delhi,South Delhi,india_post_all_india_pincode_directory
110049,Delhi,South Delhi,india_post_all_india_pincode_directory
110051,Delhi,East Delhi,india_post_all_india_pincode_directory
110052,Delhi,North West Delhi,india_post_all_india_pincode_directory
110053,Delhi,North East Delhi,india_post_all_india_pincode_directory
110054,Delhi,North Delhi,india_post_all_india_pincode_directory
110055,Delhi,Central Delhi,india_post_all_india_pincode_directory
110056,Delhi,North West Delhi,india_post_all_india_pincode_directory
110057,Delhi,South West Delhi,india_post_all_india_pincode_directory
110058,Delhi,West Delhi,india_post_all_india_pincode_directory
110059,Delhi,West Delhi,india_post_all_india_pincode_directory
110060,Delhi,Central Delhi,india_post_all_india_pincode_directory
110061,Delhi,South West Delhi,india_post_all_india_pincode_directory
110062,Delhi,South Delhi,india_post_all_india_pincode_directory
110063,Delhi,West Delhi,india_post_all_india_pincode_directory
110064,Delhi,West Delhi,india_post_all_india_pincode_directory
110065,Delhi,South Delhi,india_post_all_india_pincode_directory
110066,Delhi,South West Delhi,india_post_all_india_pincode_directory
110067,Delhi,South West Delhi,india_post_all_india_pincode_directory
110068,Delhi,South West Delhi,india_post_all_india_pincode_directory
110069,Delhi,Central Delhi,india_post_all_india_pincode_directory
110070,Delhi,South West Delhi,india_post_all_india_pincode_directory
110071,Delhi,South West Delhi,india_post_all_india_pincode_directory
110072,Delhi,South West Delhi,india_post_all_india_pincode_directory
110073,Delhi,South West Delhi,india_post_all_india_pincode_directory
110074,Delhi,South West Delhi,india_post_all_india_pincode_directory
110075,Delhi,South West Delhi,india_post_all_india_pincode_directory
110076,Delhi,South Delhi,india_post_all_india_pincode_directory
110077,Delhi,South West Delhi,india_post_all_india_pincode_directory
110078,Delhi,West Delhi,india_post_all_india_pincode_directory
110080,Delhi,South Delhi,india_post_all_india_pincode_directory
110081,Delhi,North West Delhi,india_post_all_india_pincode_directory
110082,Delhi,North West Delhi,india_post_all_india_pincode_directory
110083,Delhi,North West Delhi,india_post_all_india_pincode_directory
110084,Delhi,North Delhi,india_post_all_india_pincode_directory
110085,Delhi,North Delhi,india_post_all_india_pincode_directory
110086,Delhi,North West Delhi,india_post_all_india_pincode_directory
110087,Delhi,West Delhi,india_post_all_india_pincode_directory
110088,Delhi,North West Delhi,india_post_all_india_pincode_directory
110089,Delhi,North West Delhi,india_post_all_india_pincode_directory
110090,Delhi,East Delhi,india_post_all_india_pincode_directory
110091,Delhi,East Delhi,india_post_all_india_pincode_directory
110092,Delhi,East Delhi,india_post_all_india_pincode_directory
110093,Delhi,East Delhi,india_post_all_india_pincode_directory
110094,Delhi,North East Delhi,india_post_all_india_pincode_directory
110095,Delhi,East Delhi,india_post_all_india_pincode_directory
110096,Delhi,East Delhi,india_post_all_india_pincode_directory
110097,Delhi,South West Delhi,india_post_all_india_pincode_directory
400001,Mumbai,Mumbai,india_post_all_india_pincode_directory
400002,Mumbai,Mumbai,india_post_all_india_pincode_directory
400003,Mumbai,Mumbai,india_post_all_india_pincode_directory
400004,Mumbai,Mumbai,india_post_all_india_pincode_directory
400005,Mumbai,Mumbai,india_post_all_india_pincode_directory
400006,Mumbai,Mumbai,india_post_all_india_pincode_directory
400007,Mumbai,Mumbai,india_post_all_india_pincode_directory
400008,Mumbai,Mumbai,india_post_all_india_pincode_directory
400009,Mumbai,Mumbai,india_post_all_india_pincode_directory
400010,Mumbai,Mumbai,india_post_all_india_pincode_directory
400011,Mumbai,Mumbai,india_post_all_india_pincode_directory
400012,Mumbai,Mumbai,india_post_all_india_pincode_directory
400013,Mumbai,Mumbai,india_post_all_india_pincode_directory
400014,Mumbai,Mumbai,india_post_all_india_pincode_directory
400015,Mumbai,Mumbai,india_post_all_india_pincode_directory
400016,Mumbai,Mumbai,india_post_all_india_pincode_directory
400017,Mumbai,Mumbai,india_post_all_india_pincode_directory
400018,Mumbai,Mumbai,india_post_all_india_pincode_directory
400019,Mumbai,Mumbai,india_post_all_india_pincode_directory
400020,Mumbai,Mumbai,india_post_all_india_pincode_directory
400021,Mumbai,Mumbai,india_post_all_india_pincode_directory
400022,Mumbai,Mumbai,india_post_all_india_pincode_directory
400024,Mumbai,Mumbai,india_post_all_india_pincode_directory
400025,Mumbai,Mumbai,india_post_all_india_pincode_directory
400026,Mumbai,Mumbai,india_post_all_india_pincode_directory
400027,Mumbai,Mumbai,india_post_all_india_pincode_directory
400028,Mumbai,Mumbai,india_post_all_india_pincode_directory
400029,Mumbai,Mumbai,india_post_all_india_pincode_directory
400030,Mumbai,Mumbai,india_post_all_india_pincode_directory
400031,Mumbai,Mumbai,india_post_all_india_pincode_directory
400032,Mumbai,Mumbai,india_post_all_india_pincode_directory
400033,Mumbai,Mumbai,india_post_all_india_pincode_directory
400034,Mumbai,Mumbai,india_post_all_india_pincode_directory
400035,Mumbai,Mumbai,india_post_all_india_pincode_directory
400037,Mumbai,Mumbai,india_post_all_india_pincode_directory
400042,Mumbai,Mumbai,india_post_all_india_pincode_directory
400043,Mumbai,Mumbai,india_post_all_india_pincode_directory
400049,Mumbai,Mumbai,india_post_all_india_pincode_directory
400050,Mumbai,Mumbai,india_post_all_india_pincode_directory
400051,Mumbai,Mumbai,india_post_all_india_pincode_directory
400052,Mumbai,Mumbai,india_post_all_india_pincode_directory
400053,Mumbai,Mumbai,india_post_all_india_pincode_directory
400054,Mumbai,Mumbai,india_post_all_india_pincode_directory
400055,Mumbai,Mumbai,india_post_all_india_pincode_directory
400056,Mumbai,Mumbai,india_post_all_india_pincode_directory
400057,Mumbai,Mumbai,india_post_all_india_pincode_directory
400058,Mumbai,Mumbai,india_post_all_india_pincode_directory
400059,Mumbai,Mumbai,india_post_all_india_pincode_directory
400060,Mumbai,Mumbai,india_post_all_india_pincode_directory
400061,Mumbai,Mumbai,india_post_all_india_pincode_directory
400063,Mumbai,Mumbai,india_post_all_india_pincode_directory
400064,Mumbai,Mumbai,india_post_all_india_pincode_directory
400065,Mumbai,Mumbai,india_post_all_india_pincode_directory
400066,Mumbai,Mumbai,india_post_all_india_pincode_directory
400067,Mumbai,Mumbai,india_post_all_india_pincode_directory
400068,Mumbai,Mumbai,india_post_all_india_pincode_directory
400069,Mumbai,Mumbai,india_post_all_india_pincode_directory
400070,Mumbai,Mumbai,india_post_all_india_pincode_directory
400071,Mumbai,Mumbai,india_post_all_india_pincode_directory
400072,Mumbai,Mumbai,india_post_all_india_pincode_directory
400074,Mumbai,Mumbai,india_post_all_india_pincode_directory
400075,Mumbai,Mumbai,india_post_all_india_pincode_directory
400076,Mumbai,Mumbai,india_post_all_india_pincode_directory
400077,Mumbai,Mumbai,india_post_all_india_pincode_directory
400078,Mumbai,Mumbai,india_post_all_india_pincode_directory
400079,Mumbai,Mumbai,india_post_all_india_pincode_directory
400080,Mumbai,Mumbai,india_post_all_india_pincode_directory
400081,Mumbai,Mumbai,india_post_all_india_pincode_directory
400082,Mumbai,Mumbai,india_post_all_india_pincode_directory
400083,Mumbai,Mumbai,india_post_all_india_pincode_directory
400084,Mumbai,Mumbai,india_post_all_india_pincode_directory
400085,Mumbai,Mumbai,india_post_all_india_pincode_directory
400086,Mumbai,Mumbai,india_post_all_india_pincode_directory
400087,Mumbai,Mumbai,india_post_all_india_pincode_directory
400088,Mumbai,Mumbai,india_post_all_india_pincode_directory
400089,Mumbai,Mumbai,india_post_all_india_pincode_directory
400091,Mumbai,Mumbai,india_post_all_india_pincode_directory
400092,Mumbai,Mumbai,india_post_all_india_pincode_directory
400093,Mumbai,Mumbai,india_post_all_india_pincode_directory
400094,Mumbai,Mumbai,india_post_all_india_pincode_directory
400095,Mumbai,Mumbai,india_post_all_india_pincode_directory
400096,Mumbai,Mumbai,india_post_all_india_pincode_directory
400097,Mumbai,Mumbai,india_post_all_india_pincode_directory
400098,Mumbai,Mumbai,india_post_all_india_pincode_directory
400099,Mumbai,Mumbai,india_post_all_india_pincode_directory
400101,Mumbai,Mumbai,india_post_all_india_pincode_directory
400102,Mumbai,Mumbai,india_post_all_india_pincode_directory
400103,Mumbai,Mumbai,india_post_all_india_pincode_directory
400104,Mumbai,Mumbai,india_post_all_india_pincode_directory
